{
  "module": "2.0_multi_object",
  "scenario_type": "SONATA_II",
  "total_scenarios": 25000,
  "valid_scenarios": 23878,
  "note": "Normalize each feature independently using (x - mean) / max(std, 1e-8)",
  "scene_static": {
	"names": [
	  "env_state_binary",
	  "air_drag_coefficient",
      "n_objects"
	],
	"n_features": 3,
	"mean": [
	  0.5073708015746713,
	  0.07610562023621624,
	  3.4640254627690763
	],
	"std": [
	  0.49995613741186024,
	  0.07499342061178406,
	  1.3060501395663224
	],
	"min": [
	  0.0,
	  0.0,
	  2.0
	],
	"max": [
	  1.0,
	  0.15,
	  6.0
	]
  },
  "obj_static": {
	"names": [
	  "mass",
	  "gravity_scale",
	  "gravity_magnitude",
	  "friction_applied",
	  "bounce_applied",
	  "linear_damp",
	  "angular_damp",
	  "shape_type_int",
	  "shape_dim_primary",
	  "shape_dim_secondary",
      "env_state_binary"
	],
	"n_features": 11,
	"mean": [
	  542.1896291828465,
	  0.2168563230392814,
	  3.729750552470784,
	  0.5844061131551641,
	  0.3664222135097651,
	  0.5812824914770999,
	  0.5812824914770999,
	  2.5016804893972,
	  0.7516200401383079,
	  0.8343085813767923,
	  0.509563072756728
	],
	"std": [
	  1030.5088171407385,
	  4.290750445585898,
	  2.132219325397975,
	  0.3229348191868537,
	  0.24755345768721906,
	  0.5054231967892555,
	  0.5054231967892555,
	  1.709155552988567,
	  0.2499962620982507,
	  0.6888473318128797,
	  0.49991156121197694
	],
	"min": [
	  0.500066171259178,
	  -7.9998736696179,
	  6.41960760781046e-05,
	  4.37690936005246e-05,
	  1.12059328881865e-06,
	  0.0,
	  0.0,
	  0.0,
	  0.5,
	  0.0,
	  0.0
	],
	"max": [
	  4998.96194741281,
	  7.99993013424203,
	  7.99993013424203,
	  1.0,
	  0.85,
	  1.15,
	  1.15,
	  5.0,
	  1.0,
	  2.0,
	  1.0
	],
	"n_object_slots": 82714
  },
  "obj_dynamic": {
	"names": [
	  "pos_x",
	  "pos_y",
	  "pos_z",
	  "quat_w",
	  "quat_x",
	  "quat_y",
	  "quat_z",
	  "linvel_x",
	  "linvel_y",
	  "linvel_z",
	  "angvel_x",
	  "angvel_y",
	  "angvel_z",
	  "speed",
	  "kinetic_energy",
	  "rotational_energy",
	  "potential_energy",
	  "total_energy",
	  "contact_count",
      "max_impulse"
	],
	"n_features": 20,
	"mean": [
	  0.043139419745227434,
	  48.471555888636196,
	  -0.06423903403105852,
	  0.573230491141649,
	  0.08844729856542899,
	  0.07683773373762225,
	  0.08407515642491367,
	  0.007235034751762645,
	  24.996527870819822,
	  0.0589568795334268,
	  0.03141895241408374,
	  0.0002520381606771909,
	  -0.011280267522471351,
	  26.127887729220525,
	  499213.15073111927,
	  267.18311575899156,
	  -784204.649574822,
	  -284724.31572789897,
	  1.1526613331261886,
	  96.74346751777117
	],
	"std": [
	  3.3444810293826737,
	  101.90318981920876,
	  3.239453393204194,
	  0.4421481004276835,
	  0.3923394239638391,
	  0.37575703427413926,
	  0.39999105385412403,
	  1.2202775010395852,
	  48.22929849199059,
	  1.222695105636624,
	  2.1379939389776066,
	  1.4061043246037004,
	  2.166382150702035,
	  47.65724179611135,
	  2969660.444336005,
	  2305.84637758372,
	  3692051.222462424,
	  1416413.8684084301,
	  1.6933692291503324,
	  926.1937250951096
	],
	"min": [
	  -122.060607910156,
	  -11.9826679229736,
	  -156.698013305664,
	  -0.499999821186066,
	  -0.865697920322418,
	  -0.865989327430725,
	  -0.865738689899445,
	  -41.7693977355957,
	  -94.8067245483398,
	  -33.2574996948242,
	  -47.0814628601074,
	  -41.4168853759766,
	  -46.9967002868652,
	  0.0,
	  0.0,
	  0.0,
	  -97628763.7548798,
	  -29538544.112281,
	  0.0,
	  0.0
	],
	"max": [
	  212.609924316406,
	  993.688659667969,
	  139.019088745117,
	  1.0,
	  0.999999403953552,
	  0.999999940395355,
	  1.0,
	  44.7317276000977,
	  392.777618408203,
	  41.3268089294434,
	  46.9489135742188,
	  42.5367202758789,
	  47.0460205078125,
	  392.779663085938,
	  96360463.3160076,
	  693577.110592793,
	  1552779.29614144,
	  1559749.70987435,
	  8.0,
	  214432.578125
	],
	"n_samples": 5045554
  },
  "pairwise": {
	"names": [
	  "distance",
	  "dpos_x",
	  "dpos_y",
	  "dpos_z",
	  "dvel_x",
	  "dvel_y",
      "dvel_z"
	],
	"n_features": 7,
	"mean": [
	  69.90736668567054,
	  -0.10540683923976182,
	  8.869710707171556,
	  0.17433777790510854,
	  -0.0016000585308646891,
	  4.269170232579539,
	  -0.05054746978390306
	],
	"std": [
	  113.92860851074575,
	  5.074732444859437,
	  133.18813725245658,
	  4.818954103519798,
	  1.8476881272591867,
	  65.83969049732238,
	  1.796753190472332
	],
	"min": [
	  0.083865262567997,
	  -209.153060913086,
	  -988.787170410156,
	  -194.350234985352,
	  -45.0753860473633,
	  -400.503845214844,
	  -56.7302322387695
	],
	"max": [
	  991.105163574219,
	  216.771224975586,
	  991.101928710938,
	  154.099426269531,
	  45.5583534240723,
	  405.558013916016,
	  36.8289985656738
	],
	"n_samples": 7458409
  }
}
